-- phpMyAdmin SQL Dump
-- version 5.2.1
-- https://www.phpmyadmin.net/
--
-- Servidor: 127.0.0.1
-- Tiempo de generación: 31-03-2026 a las 16:20:50
-- Versión del servidor: 10.4.28-MariaDB
-- Versión de PHP: 8.2.4

SET SQL_MODE = "NO_AUTO_VALUE_ON_ZERO";
START TRANSACTION;
SET time_zone = "+00:00";


/*!40101 SET @OLD_CHARACTER_SET_CLIENT=@@CHARACTER_SET_CLIENT */;
/*!40101 SET @OLD_CHARACTER_SET_RESULTS=@@CHARACTER_SET_RESULTS */;
/*!40101 SET @OLD_COLLATION_CONNECTION=@@COLLATION_CONNECTION */;
/*!40101 SET NAMES utf8mb4 */;

--
-- Base de datos: `pokedex.proyecto.bdd`
--

-- --------------------------------------------------------

--
-- Estructura de tabla para la tabla `bases_pokemon`
--

CREATE TABLE `bases_pokemon` (
  `Num_Pokemon` int(255) NOT NULL,
  `Nom_Pokemon` varchar(255) NOT NULL,
  `Descripcion` text NOT NULL
) ENGINE=InnoDB DEFAULT CHARSET=utf8mb4 COLLATE=utf8mb4_general_ci;

--
-- Volcado de datos para la tabla `bases_pokemon`
--

INSERT INTO `bases_pokemon` (`Num_Pokemon`, `Nom_Pokemon`, `Descripcion`) VALUES
(1, 'Bulbasaur', 'Tras nacer, crece alimentándose durante un tiempo de los nutrientes que contiene el bulbo de su lomo.'),
(2, 'Ivysaur', 'Cuanta más luz solar recibe, más aumenta su fuerza y más se desarrolla el capullo que tiene en el lomo.'),
(3, 'Venusaur', 'Puede convertir la luz del sol en energía. Por esa razón, es más poderoso en verano.'),
(4, 'Charmander', 'La llama de su cola indica su fuerza vital. Si está débil, la llama arderá más tenue.'),
(5, 'Charmeleon', 'Al agitar su ardiente cola, eleva poco a poco la temperatura a su alrededor para sofocar a sus rivales.'),
(6, 'Charizard', 'Cuando se enfurece de verdad, la llama de la punta de su cola se vuelve de color azul claro.'),
(7, 'Squirtle', 'Tras nacer, se le hincha el lomo y se le forma un caparazón. Escupe poderosa espuma por la boca.'),
(8, 'Wartortle', 'Tiene una cola larga y peluda que simboliza la longevidad y lo hace popular entre los mayores.'),
(9, 'Blastoise', 'Aumenta de peso deliberadamente para contrarrestar la fuerza de los chorros de agua que dispara.'),
(10, 'Caterpie', 'Para protegerse, despide un hedor horrible por las antenas con el que repele a sus enemigos.'),
(11, 'Metapod', 'Como en este estado solo puede endurecer su coraza, permanece inmóvil a la espera de evolucionar.'),
(12, 'Butterfree', 'Adora el néctar de las flores. Una pequeña cantidad de polen le basta para localizar prados floridos.'),
(13, 'Weedle', 'El aguijón de la cabeza es muy puntiagudo. Se alimenta de hojas oculto en la espesura de bosques y praderas.'),
(14, 'Kakuna', 'Aunque es casi incapaz de moverse, en caso de sentirse amenazado puede envenenar a los enemigos con su aguijón.'),
(15, 'Beedrill', 'Tiene tres aguijones venenosos, dos en las patas anteriores y uno en la parte baja del abdomen, con los que ataca a sus enemigos una y otra vez.'),
(16, 'Pidgey', 'Su docilidad es tal que suelen defenderse levantando arena en lugar de contraatacar.'),
(17, 'Pidgeotto', 'Su extraordinaria vitalidad y resistencia le permiten cubrir grandes distancias del territorio que habita en busca de presas.'),
(18, 'Pidgeot', 'Este Pokémon vuela a una velocidad de 2 mach en busca de presas. Sus grandes garras son armas muy peligrosas.'),
(19, 'Rattata', 'Es propenso a hincar los incisivos en cualquier cosa que se le ponga por delante. Si se ve alguno, seguramente haya cuarenta cerca.'),
(20, 'Raticate', 'Gracias a las pequeñas membranas de las patas traseras, puede nadar por los ríos para capturar presas.'),
(21, 'Spearow', 'A la hora de proteger su territorio, compensa su incapacidad para volar a gran altura con una increíble velocidad.'),
(22, 'Fearow', 'Este Pokémon ha existido desde tiempos remotos. Al menor atisbo de peligro, alza el vuelo y huye.'),
(23, 'Ekans', 'Puede desencajar la mandíbula libremente para engullir grandes presas, aunque esto le dificulte el movimiento por pesar demasiado.'),
(24, 'Arbok', 'El dibujo que tiene en el vientre parece una cara terrorífica. Los rivales más débiles salen huyendo nada más verlo.'),
(25, 'Pikachu', 'Cuando se enfada, este Pokémon descarga la energía que almacena en el interior de las bolsas de las mejillas.'),
(26, 'Raichu', 'Cuando se carga de electricidad, se le tensan los músculos y se vuelve más agresivo de lo normal.'),
(27, 'Sandshrew', 'Excava madrigueras profundas en las que vive. Cuando lo ataca algún enemigo, se hace una bola y aguanta pacientemente sus embates.'),
(28, 'Sandslash', 'Corre de un lado a otro a toda velocidad al tiempo que ataca hábilmente con las púas que tiene en la espalda y con sus afiladas garras.'),
(29, 'Nidoran♀', 'Posee un olfato más fino que los Nidoran♂. Usa los bigotes para percibir la dirección del viento y buscar comida a sotavento de sus depredadores.'),
(30, 'Nidorina', 'Se cree que el cuerno de la frente se le ha atrofiado para evitar herir a sus crías al alimentarlas.'),
(31, 'Nidoqueen', 'Su defensa destaca sobre la capacidad ofensiva. Usa las escamas del cuerpo como una coraza para proteger a su prole de cualquier ataque.'),
(32, 'Nidoran♂', 'Mantiene sus grandes orejas levantadas, siempre alerta. Si advierte peligro, ataca inoculando una potente toxina con su cuerno frontal.'),
(33, 'Nidorino', 'Dondequiera que va, parte rocas con su cuerno, más duro que un diamante, en busca de una Piedra Lunar.'),
(34, 'Nidoking', 'Una vez que se desboca, no hay quien lo pare. Solo se calma ante Nidoqueen, su compañera de toda la vida.'),
(35, 'Clefairy', 'En las noches de luna llena, Clefairy de diversos lugares se reúnen para bailar bajo su luz, la cual los hace flotar.'),
(36, 'Clefable', 'Este Pokémon de aspecto feérico, raramente visto por los humanos, corre a esconderse en cuanto detecta que hay alguien cerca.'),
(37, 'Vulpix', 'Si lo ataca un enemigo más fuerte que él, finge estar herido para confundirlo y huir en cuanto baja la guardia.'),
(38, 'Ninetales', 'Cuentan algunas leyendas que cada una de sus nueve colas posee su propio y único poder sobrenatural.'),
(39, 'Jigglypuff', 'Cuando le tiemblan sus redondos y adorables ojos, entona una melodía agradable y misteriosa con la que duerme a sus enemigos.'),
(40, 'Wigglytuff', 'Tiene un pelaje muy fino. Se recomienda no enfadarlo, o se inflará y golpeará con todo su cuerpo.'),
(41, 'Zubat', 'Emite ondas ultrasónicas por la boca para escrutar el entorno, lo que le permite volar con pericia por cuevas angostas.'),
(42, 'Golbat', 'Le encanta chuparles la sangre a los seres vivos. En ocasiones comparte la preciada colecta con otros congéneres hambrientos.'),
(43, 'Oddish', 'Su nombre científico es Oddium viandantis. Se dice que, cuando cae la noche, puede llegar a desplazarse hasta 300 m con sus dos raíces.'),
(44, 'Gloom', 'El fluido que le cae lentamente de la boca no es saliva, sino una especie de néctar que utiliza para atraer a sus presas.'),
(45, 'Vileplume', 'El capullo florece de golpe con un chasquido, tras lo cual comienza a desprender un polen alergénico y venenoso.'),
(46, 'Paras', 'Escarba en el suelo para extraer nutrientes de las raíces de los árboles, que las setas del lomo absorben después casi por completo.'),
(47, 'Parasect', 'Tras largo tiempo absorbiendo la energía del huésped, la seta parásita del lomo es la que parece controlar la voluntad de este Pokémon.'),
(48, 'Venonat', 'Rezuma veneno por todo su cuerpo. De noche, atrapa y come pequeños Pokémon insecto atraídos por la luz.'),
(49, 'Venomoth', 'Tiene las alas cubiertas de escamas. Cada vez que las bate, esparce un polvillo sumamente venenoso.'),
(50, 'Diglett', 'Vive 1 m por debajo del suelo, donde se alimenta de raíces. A veces también aparece en la superficie.'),
(51, 'Dugtrio', 'Sus tres cabezas suben y bajan para remover la tierra cercana y facilitar así la excavación.'),
(52, 'Meowth', 'Durante el día, se dedica a dormir. De noche, vigila su territorio con un brillo en los ojos.'),
(53, 'Persian', 'Aunque es muy admirado por el pelaje, es difícil de entrenar como mascota porque enseguida suelta arañazos.'),
(54, 'Psyduck', 'Padece continuamente dolores de cabeza. Cuando son muy fuertes, empieza a usar misteriosos poderes.'),
(55, 'Golduck', 'Cuando nada a toda velocidad usando sus largas extremidades palmeadas, su frente comienza a brillar.'),
(56, 'Mankey', 'Vive en grupos en las copas de los árboles. Si pierde de vista a su manada, se siente solo y se enfada.'),
(57, 'Primeape', 'Se pone furioso si nota que alguien lo está mirando. Persigue a cualquiera que establezca contacto visual con él.'),
(58, 'Growlithe', 'De naturaleza valiente y honrada, se enfrenta sin miedo a enemigos más grandes y fuertes.'),
(59, 'Arcanine', 'Cuenta un antiguo pergamino que la gente se quedaba fascinada al verlo correr por las praderas.'),
(60, 'Poliwag', 'La espiral que tiene en el vientre son sus vísceras, visibles a través de la piel. Cuando acaba de comer, se ven de manera aún más nítida.'),
(61, 'Poliwhirl', 'Aunque puede vivir en tierra firme gracias a que sus extremidades inferiores se han desarrollado, por algún motivo prefiere el medio acuático.'),
(62, 'Poliwrath', 'Aunque puede nadar de forma hábil y enérgica utilizando todos sus músculos, por algún motivo prefiere vivir en tierra firme.'),
(63, 'Abra', 'Es capaz de usar sus poderes psíquicos aun estando dormido. Al parecer, el contenido del sueño influye en sus facultades.'),
(64, 'Kadabra', 'Duerme suspendido en el aire gracias a sus poderes psíquicos. La cola, de una flexibilidad extraordinaria, hace las veces de almohada.'),
(65, 'Alakazam', 'Posee una capacidad intelectual fuera de lo común que le permite recordar todo lo sucedido desde el instante de su nacimiento.'),
(66, 'Machop', 'Es una masa de músculos y, pese a su pequeño tamaño, tiene fuerza de sobra para levantar en brazos a 100 personas.'),
(67, 'Machoke', 'Su musculoso cuerpo es tan fuerte que usa un cinto antifuerza para controlar sus movimientos.'),
(68, 'Machamp', 'Mueve sus cuatro brazos a tal velocidad que resultan imposibles de ver. Puede asestar hasta mil puñetazos en dos segundos.'),
(69, 'Bellsprout', 'Si detecta algún movimiento a su alrededor, sea cuando sea, reacciona enseguida extendiendo sus finas lianas en esa dirección.'),
(70, 'Weepinbell', 'Rezuma un fluido neutralizante que impide que su propio ácido lo disuelva.'),
(71, 'Victreebel', 'Sus jugos gástricos son capaces de disolver completamente cualquier cosa que ingiera, por más dura que sea.'),
(72, 'Tentacool', 'Cuando baja la marea, se pueden encontrar Tentacool deshidratados junto a la orilla.'),
(73, 'Tentacruel', 'En muy raras ocasiones, cuando se produce una aparición masiva de Tentacruel, los Pokémon pez de los alrededores se esfuman sin dejar rastro.'),
(74, 'Geodude', 'En reposo parece una roca normal, pero responde agitando los puños con agresividad si se pisa por error.'),
(75, 'Graveler', 'Camina muy lentamente, por lo que se desplaza rodando, sin importarle lo que pueda haber en su camino.'),
(76, 'Golem', 'Está cubierto por un duro caparazón formado por losas de piedra. Lo muda una vez al año para aumentar de tamaño.'),
(77, 'Ponyta', 'Apenas una hora después de nacer, ya le crecen la cola y la crin de fuego, que le confieren un aspecto magnífico.'),
(78, 'Rapidash', 'Su crin de fuego centellea cuando galopa como una flecha a velocidades que llegan a alcanzar los 240 km/h.'),
(79, 'Slowpoke', 'Increíblemente lento y torpe. Tarda cinco segundos en sentir dolor si lo atacan.'),
(80, 'Slowbro', 'Según parece, cuando Slowpoke fue a pescar al mar, un Shellder le mordió la cola y así evolucionó a Slowbro.'),
(81, 'Magnemite', 'Las unidades laterales crean ondas electromagnéticas que contrarrestan la gravedad y le permiten flotar.'),
(82, 'Magneton', 'Tres Magnemite se enlazan mediante una intensa fuerza magnética. Provoca un fuerte pitido en los oídos a quien se le acerque.'),
(83, 'Farfetch’d', 'No puede vivir sin el puerro que lleva, así que lo protege de sus atacantes con todas sus fuerzas.'),
(84, 'Doduo', 'Sus cabezas gemelas comparten la misma información genética y combaten juntas al unísono.'),
(85, 'Dodrio', 'Ahora cuenta con tres corazones y tres pares de pulmones. No alcanza las velocidades de Doduo, pero es capaz de correr durante más tiempo.'),
(86, 'Seel', 'La protuberancia que tiene en la cabeza es tan dura que la usa para abrirse paso a cabezazos por el hielo de los icebergs.'),
(87, 'Dewgong', 'Duerme en aguas poco profundas durante el día y, por la noche, cuando baja la temperatura del agua, nada en busca de comida.'),
(88, 'Grimer', 'Formados a partir de lodo, los Grimer se juntan en lugares sucios para aumentar el número de gérmenes de su cuerpo.'),
(89, 'Muk', 'Está cubierto por un repugnante lodo. Es tan tóxico que hasta su rastro es venenoso.'),
(90, 'Shellder', 'Está metido en una concha más dura que el diamante, pero tiene un cuerpo muy blando.'),
(91, 'Cloyster', 'A los Cloyster que viven en las fuertes corrientes marinas les crecen largas y afiladas púas en la concha.'),
(92, 'Gastly', 'Su estrategia consiste en envolver al rival con su cuerpo gaseoso y envenenarlo a través de la piel.'),
(93, 'Haunter', 'Le gusta acechar en la oscuridad y tocarles el hombro a sus víctimas con su mano gaseosa. Estas se quedan temblando para siempre.'),
(94, 'Gengar', 'Para quitarle la vida a su presa, se desliza en su sombra y espera su oportunidad en silencio.'),
(95, 'Onix', 'Al abrirse paso bajo tierra, va absorbiendo todo lo que encuentra. Eso hace que su cuerpo sea así de sólido.'),
(96, 'Drowzee', 'Recuerda todos los sueños que engulle. Raramente come sueños de adultos porque los de los niños están más ricos.'),
(97, 'Hypno', 'Cuando mira al enemigo, usa diversos poderes psíquicos como la hipnosis.'),
(98, 'Krabby', 'Es fácil encontrarlo cerca del mar. Las largas pinzas que tiene vuelven a crecer si se las quitan de su sitio.'),
(99, 'Kingler', 'La pinza mayor posee una fuerza devastadora, pero es tan pesada que le cuesta usarla con precisión.'),
(100, 'Voltorb', 'Se mueve rodando. Si el terreno es irregular, una chispa provocada por algún bache lo hará explotar.'),
(101, 'Electrode', 'Cuanta más energía almacena, mayor velocidad alcanza, aunque aumenta también el riesgo de que explote.'),
(102, 'Exeggcute', 'Si alguien confunde a una de sus cabezas con un huevo y la toca, se reagrupa con las otras para atacar todas juntas.'),
(103, 'Exeggutor', 'Se lo llama la Selva Andante. Cada fruto tiene una cara distinta y voluntad propia.'),
(104, 'Cubone', 'Cuando llora al acordarse de su madre fallecida, su llanto resuena en el cráneo que lleva en la cabeza.'),
(105, 'Marowak', 'Ha evolucionado tras fortalecerse y superar su pena. Ahora lucha con arrojo blandiendo su hueso a modo de arma.'),
(106, 'Hitmonlee', 'Endurece los músculos de las plantas de los pies en el momento en el que impactan contra su rival para potenciar al máximo sus patadas.'),
(107, 'Hitmonchan', 'Acorrala a sus enemigos con combinaciones de puñetazos con ambos puños, para luego darles el golpe de gracia con un directo a 500 km/h.'),
(108, 'Lickitung', 'Si sus lametones no se tratan a tiempo, su saliva pegajosa y urticante puede provocar picores persistentes.'),
(109, 'Koffing', 'Su cuerpo, con forma de globo y poco grosor, encierra gases muy tóxicos que pueden ocasionar explosiones espontáneas de gran magnitud.'),
(110, 'Weezing', 'Diluir sus venenosos gases internos lo máximo posible permite fabricar perfumes de alta gama.'),
(111, 'Rhyhorn', 'Puede controlar un territorio de hasta 10 km de radio, pero, cuando se pone a correr, parece olvidársele dónde empieza y dónde acaba.'),
(112, 'Rhydon', 'Hace chocar el cuerno con el de sus congéneres para afilarlo. Es capaz de horadar diamantes en bruto con él.'),
(113, 'Chansey', 'Un generoso Pokémon que pone huevos muy nutritivos y se los da a personas o Pokémon heridos.'),
(114, 'Tangela', 'Sus lianas no dejan de crecer aunque se le desprendan. Aún se desconoce qué aspecto tiene sin ellas.'),
(115, 'Kangaskhan', 'Aunque lleve una cría en el marsupio, su juego de pies no pierde ligereza. Abruma al rival con ráfagas de ágiles puñetazos.'),
(116, 'Horsea', 'Si es atacado por un enemigo, por muy grande que sea, nada veloz a un lugar seguro gracias a su fornida aleta dorsal.'),
(117, 'Seadra', 'En esta especie, es el macho quien se ocupa de cuidar a las crías, a las que defiende con sus púas venenosas de cualquiera que se les acerque.'),
(118, 'Goldeen', 'Sus aletas pectorales, caudal y dorsal ondean gráciles en el agua. Por eso se le llama el Bailarín Acuático.'),
(119, 'Seaking', 'En otoño gana algo de peso para atraer a posibles parejas y se cubre de llamativos colores.'),
(120, 'Staryu', 'A finales de verano, se pueden ver grupos de Staryu en la orilla de la playa sincronizando el brillo de sus núcleos a ritmo regular.'),
(121, 'Starmie', 'El núcleo rojo que tiene en el centro del cuerpo emite extrañas señales de radio hacia el cielo nocturno.'),
(122, 'Mr. Mime', 'Un experto de la pantomima capaz de crear paredes invisibles pero sólidas solo con sus gestos.'),
(123, 'Scyther', 'Avanza por la hierba con sus afiladas guadañas, más rápido de lo que el ojo humano puede percibir.'),
(124, 'Jynx', 'En cierta parte de Galar se conocía a Jynx como la Reina del Hielo y se reverenciaba con cierto temor.'),
(125, 'Electabuzz', 'Su cuerpo descarga electricidad constantemente, por lo que eriza el cabello a cualquiera que se le acerque.'),
(126, 'Magmar', 'Fue descubierto junto al cráter de un volcán. Escupe llamaradas y su temperatura corporal alcanza los 1200 ºC.'),
(127, 'Pinsir', 'Los Pinsir se juzgan entre ellos por la robustez de la cornamenta. Cuanto más imponente sea, más agradará a sus congéneres del sexo opuesto.'),
(128, 'Tauros', 'Cuando ve a un enemigo, se fustiga con las colas y carga ferozmente contra él.'),
(129, 'Magikarp', 'Un Pokémon desvalido y patético. A veces es capaz de saltar alto, pero rara vez más de 2 m.'),
(130, 'Gyarados', 'Cuando aparece, monta en cólera. No deja de estar furioso hasta que lo destruye todo.'),
(131, 'Lapras', 'Surca los mares transportando gente sobre el lomo. Al parecer, a veces entona un melodioso canto si está de buen humor.'),
(132, 'Ditto', 'Su habilidad para transformarse es perfecta, pero, si se le hace reír, perderá la fuerza y no podrá mantenerse transformado.'),
(133, 'Eevee', 'Es capaz de evolucionar de muchas maneras para adaptarse sin problemas a cualquier medio.'),
(134, 'Vaporeon', 'Vive cerca del agua. Su cola termina en una aleta parecida a la de un pez, por lo que hay gente que lo confunde con una sirena.'),
(135, 'Jolteon', 'Concentra la débil actividad eléctrica de sus células para lanzar dañinas descargas.'),
(136, 'Flareon', 'Calienta el aire que inhala en su saca de fuego y lo expulsa a 1700 ºC.'),
(137, 'Porygon', 'Un Pokémon artificial que no respira, por lo que se le supone la capacidad de desenvolverse sin problemas en cualquier entorno.'),
(138, 'Omanyte', 'Varios ejemplares han escapado o bien han sido liberados tras su restauración, lo que comienza a suscitar una serie de problemas.'),
(139, 'Omastar', 'Se cree que se extinguió porque el excesivo tamaño y peso de su concha le impedían moverse con rapidez para capturar presas.'),
(140, 'Kabuto', 'Un Pokémon casi extinto. Cada tres días, muda el caparazón, que se va endureciendo de forma progresiva.'),
(141, 'Kabutops', 'Despedaza a las presas que atrapa para sorber sus fluidos y deja los restos para que otros Pokémon den buena cuenta de ellos.'),
(142, 'Aerodactyl', 'Un feroz Pokémon de la época prehistórica al que no bastan todos los avances tecnológicos actuales para regenerar a la perfección.'),
(143, 'Snorlax', 'Este Pokémon es un glotón que lo único que hace aparte de comer es dormir. Puede ingerir hasta 400 kg de comida en un solo día.'),
(144, 'Articuno', 'Una de las aves legendarias. Es capaz de generar ventiscas congelando la humedad del aire.'),
(145, 'Zapdos', 'Una de las aves legendarias. Según dicen, vive en los nubarrones y controla los rayos a su antojo.'),
(146, 'Moltres', 'Una de las aves legendarias. Dicen que su presencia anuncia la llegada de la primavera.'),
(147, 'Dratini', 'Durante la etapa de crecimiento, muda muchas veces de piel y se protege mediante una cascada.'),
(148, 'Dragonair', 'Dicen que, cuando su cuerpo desprende un aura, el tiempo empieza a cambiar inmediatamente.'),
(149, 'Dragonite', 'Se dice que vive en algún lugar del mar. Guía a la costa a las tripulaciones de los barcos que naufragaron.'),
(150, 'Mewtwo', 'Su ADN es casi el mismo que el de Mew. Sin embargo, su tamaño y carácter son muy diferentes.'),
(151, 'Mew', 'Si se observa a través de un microscopio, puede distinguirse cuán corto, fino y delicado es el pelaje de este Pokémon.');

-- --------------------------------------------------------

--
-- Estructura de tabla para la tabla `habilidades`
--

CREATE TABLE `habilidades` (
  `Id_habilidad` int(255) NOT NULL,
  `Nom_Habilidad` varchar(255) DEFAULT NULL,
  `Habilidad_descrip` text NOT NULL
) ENGINE=InnoDB DEFAULT CHARSET=utf8mb4 COLLATE=utf8mb4_general_ci;

--
-- Volcado de datos para la tabla `habilidades`
--

INSERT INTO `habilidades` (`Id_habilidad`, `Nom_Habilidad`, `Habilidad_descrip`) VALUES
(1, 'Espesura', 'Potencia sus movimientos de tipo Planta cuando le quedan pocos PS.'),
(2, 'Mar Llamas', 'Potencia sus movimientos de tipo Fuego cuando le quedan pocos PS.'),
(3, 'Torrente', 'Potencia sus movimientos de tipo Agua cuando le quedan pocos PS.'),
(4, 'Polvo Escudo', 'Bloquea los efectos secundarios de los ataques recibidos.'),
(5, 'Mudar', 'Puede curar sus problemas de estado de forma natural.'),
(6, 'Ojo Compuesto', 'Aumenta la precisión de los movimientos.'),
(7, 'Enjambre', 'Potencia sus movimientos de tipo Bicho cuando le quedan pocos PS.'),
(8, 'Vista Lince', 'Evita que disminuya su precisión.'),
(9, 'Tambaleo', 'Aumenta la evasión si está confundido.'),
(10, 'Fuga', 'Permite huir fácilmente de combates salvajes.'),
(11, 'Agallas', 'Aumenta el Ataque si sufre un problema de estado.'),
(12, 'Intimidación', 'Reduce el Ataque del rival al entrar en combate.'),
(13, 'Elec. Estática', 'La electricidad estática que lo envuelve puede paralizar al Pokémon que lo ataque con un movimiento de contacto.'),
(14, 'Velo Arena', 'Aumenta la evasión durante una tormenta de arena.'),
(15, 'Punto Tóxico', 'Puede envenenar al rival al contacto.'),
(16, 'Rivalidad', 'Aumenta el daño si el rival es del mismo sexo.'),
(17, 'Gran Encanto', 'Puede enamorar al rival al contacto.'),
(18, 'Absorbe Fuego', 'Si lo alcanza algún movimiento de tipo Fuego, potencia sus propios movimientos de dicho tipo.'),
(19, 'Tenacidad', 'Aumenta mucho su Ataque Especial cuando el rival le reduce cualquiera de sus características.'),
(20, 'Fuerza Mental', 'Gracias a su profunda concentración, no se amedrenta ante los ataques de otros Pokémon ni sufre los efectos de Intimidación.'),
(21, 'Clorofila', 'Aumenta su Velocidad cuando hace sol.'),
(22, 'Piel Seca', 'Pierde PS si hace sol y los recupera si llueve o recibe un movimiento de tipo Agua. Los movimientos de tipo Fuego, por su parte, le hacen más daño de lo normal.'),
(23, 'Efecto Espora', 'Puede dormir, envenenar o paralizar al Pokémon que lo ataque con un movimiento de contacto.'),
(24, 'Cromolente', 'Potencia los movimientos que no son muy eficaces, que infligen ahora un daño normal.'),
(25, 'Trampa Arena', 'Evita que el rival huya o sea cambiado por otro.'),
(26, 'Recogida', 'Puede recoger objetos que otros Pokémon hayan usado, o bien aquellos que encuentre en plena aventura.'),
(27, 'Experto', 'Aumenta la potencia de sus movimientos débiles.'),
(28, 'Flexibilidad', 'Evita ser paralizado gracias a la flexibilidad de su cuerpo.'),
(29, 'Humedad', 'Aumenta la humedad del entorno y evita que se puedan utilizar movimientos explosivos, tales como Autodestrucción.'),
(30, 'Aclimatación', 'Anula todos los efectos del tiempo atmosférico.'),
(31, 'Irascible', 'Si recibe un golpe crítico, monta en cólera y su Ataque aumenta al máximo.'),
(32, 'Espíritu Vital', 'Su determinación le impide quedarse dormido.'),
(33, 'Absorbe Agua', 'Si lo alcanza un movimiento de tipo Agua, recupera PS en vez de sufrir daño.'),
(34, 'Sincronía', 'Contagia el envenenamiento, las quemaduras o la parálisis al Pokémon que le cause ese estado.'),
(35, 'Indefenso', 'Al quedar ambos expuestos, tanto sus movimientos como los del Pokémon que lo ataque acertarán siempre.'),
(36, 'Cuerpo Puro', 'Evita que se reduzcan sus características a causa de movimientos o habilidades de otros Pokémon.'),
(37, 'Viscosecreción', 'Exuda una secreción viscosa y tóxica de intenso hedor que hiere a quienes intentan drenarle PS.'),
(38, 'Cabeza Roca', 'No pierde PS al usar movimientos que también hieren al usuario.'),
(39, 'Robustez', 'El Pokémon no puede debilitarse de un solo golpe cuando tiene los PS al máximo. También evita los movimientos fulminantes.'),
(40, 'Despiste', 'Su indiferencia evita que sea provocado, caiga presa del enamoramiento o sufra los efectos de Intimidación.'),
(41, 'Ritmo Propio', 'Como le gusta hacer las cosas a su manera, no le afecta la confusión ni sufre los efectos de Intimidación.'),
(42, 'Imán', 'Su magnetismo atrae a los Pokémon de tipo Acero y les impide huir o ser cambiados por otros.'),
(43, 'Madrugar', 'Si se duerme, tardará la mitad de tiempo en despertarse.'),
(44, 'Sebo', 'Gracias a la gruesa capa de grasa que lo protege, reduce a la mitad el daño que recibe de ataques de tipo Fuego o Hielo.'),
(45, 'Hidratación', 'Cura los problemas de estado si está lloviendo.'),
(46, 'Hedor', 'Puede amedrentar a un Pokémon al atacarlo debido al mal olor que emana.'),
(47, 'Viscosidad', 'Los objetos se quedan pegados a su cuerpo, por lo que no pueden robárselos.'),
(48, 'Caparazón', 'La robusta coraza que lo protege bloquea los golpes críticos.'),
(49, 'Encadenado', 'Ejecuta siempre los movimientos de ataque múltiple con el número máximo de golpes.'),
(50, 'Levitación', 'Su capacidad de flotar sobre el suelo le proporciona inmunidad frente a los movimientos de tipo Tierra.'),
(51, 'Cuerpo Maldito', 'Puede anular el movimiento usado en su contra.'),
(52, 'Alerta', 'Revela uno de los movimientos del rival al entrar en combate.'),
(53, 'Insomnio', 'Su resistencia al sueño le impide quedarse dormido.'),
(54, 'Corte Fuerte', 'Evita que otros Pokémon le reduzcan el Ataque.'),
(55, 'Insonorizar', 'Su aislamiento acústico lo protege de movimientos que usan sonido.'),
(56, 'Pararrayos', 'Atrae y neutraliza los movimientos de tipo Eléctrico, que además le aumentan el Ataque Especial.'),
(57, 'Audaz', 'Potencia los movimientos que también dañan al usuario.'),
(58, 'Puño Férreo', 'Aumenta la potencia de los movimientos con los puños.'),
(59, 'Gas Reactivo', 'Anula los efectos de las habilidades de los demás Pokémon presentes mientras esté en el terreno de combate.'),
(60, 'Dicha', 'Aumenta la probabilidad de que los movimientos causen efectos secundarios.'),
(61, 'Cura Natural', 'Sus problemas de estado desaparecen cuando se retira del combate.'),
(62, 'Defensa Hoja', 'Evita los problemas de estado si hace sol.'),
(63, 'Intrépido', 'Alcanza a Pokémon de tipo Fantasma con movimientos de tipo Normal o Lucha. Además, no sufre los efectos de Intimidación.'),
(64, 'Francotirador', 'Potencia los golpes críticos que asesta aún más de lo normal.'),
(65, 'Nado Rápido', 'Aumenta su Velocidad cuando llueve.'),
(66, 'Velo Agua', 'Evita las quemaduras gracias a la capa de agua que lo envuelve.'),
(67, 'Iluminación', 'Al iluminar el entorno, evita que su Precisión se reduzca.'),
(68, 'Filtro', 'Mitiga el daño que le infligen los movimientos supereficaces.'),
(69, 'Cuerpo Llama', 'Puede quemar al Pokémon que lo ataque con un movimiento de contacto.'),
(70, 'Rompemoldes', 'Sus movimientos no se ven afectados por la habilidad del objetivo.'),
(71, 'Adaptable', 'Potencia aún más los movimientos cuyo tipo coincida con el suyo.'),
(72, 'Absorbe Electricidad', 'Si lo alcanza un movimiento de tipo Eléctrico, recupera PS en vez de sufrir daño.'),
(73, 'Calco', 'Copia la habilidad del rival al entrar en combate.'),
(74, 'Descarga', 'Compara la Defensa y la Defensa Especial del rival para ver cuál es inferior y aumenta su propio Ataque o Ataque Especial según sea lo más eficaz.'),
(75, 'Armadura Batalla', 'La robusta coraza que lo protege bloquea los golpes críticos.'),
(76, 'Presión', 'Presiona al rival de tal manera que este consume más PP al usar sus movimientos.'),
(77, 'Inmunidad', 'Su sistema inmunitario evita el envenenamiento.'),
(78, 'Muro Mágico', 'Solo recibe daño de ataques.');

-- --------------------------------------------------------

--
-- Estructura de tabla para la tabla `pokemon_tipos`
--

CREATE TABLE `pokemon_tipos` (
  `Num_Pokemon` int(11) NOT NULL,
  `Id_tipos` int(11) NOT NULL
) ENGINE=InnoDB DEFAULT CHARSET=utf8mb4 COLLATE=utf8mb4_general_ci;

--
-- Volcado de datos para la tabla `pokemon_tipos`
--

INSERT INTO `pokemon_tipos` (`Num_Pokemon`, `Id_tipos`) VALUES
(1, 2),
(1, 10),
(2, 2),
(2, 10),
(3, 2),
(3, 10),
(4, 3),
(5, 3),
(6, 3),
(6, 9),
(7, 1),
(8, 1),
(9, 1),
(10, 13),
(11, 13),
(12, 9),
(12, 13),
(13, 10),
(13, 13),
(14, 10),
(14, 13),
(15, 10),
(15, 13),
(16, 8),
(16, 9),
(17, 8),
(17, 9),
(18, 8),
(18, 9),
(19, 8),
(20, 8),
(21, 8),
(21, 9),
(22, 8),
(22, 9),
(23, 10),
(24, 10),
(25, 4),
(26, 4),
(27, 11),
(28, 11),
(29, 10),
(30, 10),
(31, 10),
(31, 11),
(32, 10),
(33, 10),
(34, 10),
(34, 11),
(35, 16),
(36, 16),
(37, 3),
(38, 3),
(39, 8),
(39, 16),
(40, 8),
(40, 16),
(41, 9),
(41, 10),
(42, 9),
(42, 10),
(43, 2),
(43, 10),
(44, 2),
(44, 10),
(45, 2),
(45, 10),
(46, 2),
(46, 13),
(47, 2),
(47, 13),
(48, 10),
(48, 13),
(49, 10),
(49, 13),
(50, 11),
(51, 11),
(52, 8),
(53, 8),
(54, 1),
(55, 1),
(56, 15),
(57, 15),
(58, 3),
(59, 3),
(60, 1),
(61, 1),
(62, 1),
(62, 15),
(63, 5),
(64, 5),
(65, 5),
(66, 15),
(67, 15),
(68, 15),
(69, 2),
(69, 10),
(70, 2),
(70, 10),
(71, 2),
(71, 10),
(72, 1),
(72, 10),
(73, 1),
(73, 10),
(74, 11),
(74, 12),
(75, 11),
(75, 12),
(76, 11),
(76, 12),
(77, 3),
(78, 3),
(79, 1),
(79, 5),
(80, 1),
(80, 5),
(81, 4),
(81, 18),
(82, 4),
(82, 18),
(83, 8),
(83, 9),
(84, 8),
(84, 9),
(85, 8),
(85, 9),
(86, 1),
(87, 1),
(87, 6),
(88, 10),
(89, 10),
(90, 1),
(91, 1),
(91, 6),
(92, 10),
(92, 14),
(93, 10),
(93, 14),
(94, 10),
(94, 14),
(95, 11),
(95, 12),
(96, 5),
(97, 5),
(98, 1),
(99, 1),
(100, 4),
(101, 4),
(102, 2),
(102, 5),
(103, 2),
(103, 5),
(104, 11),
(105, 11),
(106, 15),
(107, 15),
(108, 8),
(109, 10),
(110, 10),
(111, 11),
(111, 12),
(112, 11),
(112, 12),
(113, 8),
(114, 2),
(115, 8),
(116, 1),
(117, 1),
(118, 1),
(119, 1),
(120, 1),
(121, 1),
(121, 5),
(122, 5),
(122, 16),
(123, 9),
(123, 13),
(124, 5),
(124, 6),
(125, 4),
(126, 3),
(127, 13),
(128, 8),
(129, 1),
(130, 1),
(130, 9),
(131, 1),
(131, 6),
(132, 8),
(133, 8),
(134, 1),
(135, 4),
(136, 3),
(137, 8),
(138, 1),
(138, 12),
(139, 1),
(139, 12),
(140, 1),
(140, 12),
(141, 1),
(141, 12),
(142, 9),
(142, 12),
(143, 8),
(144, 6),
(144, 9),
(145, 4),
(145, 9),
(146, 3),
(146, 9),
(147, 7),
(148, 7),
(149, 7),
(149, 9),
(150, 5),
(151, 5);

-- --------------------------------------------------------

--
-- Estructura de tabla para la tabla `poke_habilidades`
--

CREATE TABLE `poke_habilidades` (
  `Num_Pokemon` int(255) NOT NULL,
  `Id_habilidad` int(255) NOT NULL
) ENGINE=InnoDB DEFAULT CHARSET=utf8mb4 COLLATE=utf8mb4_general_ci;

--
-- Volcado de datos para la tabla `poke_habilidades`
--

INSERT INTO `poke_habilidades` (`Num_Pokemon`, `Id_habilidad`) VALUES
(1, 1),
(2, 1),
(3, 1),
(4, 2),
(5, 2),
(6, 2),
(7, 3),
(8, 3),
(9, 3),
(10, 4),
(11, 5),
(12, 6),
(13, 4),
(14, 5),
(15, 7),
(16, 8),
(16, 9),
(17, 8),
(17, 9),
(18, 8),
(18, 9),
(19, 10),
(19, 11),
(20, 10),
(20, 11),
(21, 8),
(22, 8),
(23, 5),
(23, 12),
(24, 5),
(24, 12),
(25, 13),
(26, 13),
(27, 14),
(28, 14),
(29, 15),
(29, 16),
(30, 15),
(30, 16),
(31, 15),
(31, 16),
(32, 15),
(32, 16),
(33, 15),
(33, 16),
(34, 15),
(34, 16),
(35, 17),
(35, 78),
(36, 17),
(36, 78),
(37, 18),
(38, 18),
(39, 17),
(39, 19),
(40, 17),
(40, 19),
(41, 20),
(42, 20),
(43, 21),
(44, 21),
(45, 21),
(46, 22),
(46, 23),
(47, 22),
(47, 23),
(48, 6),
(48, 24),
(49, 4),
(49, 24),
(50, 14),
(50, 25),
(51, 14),
(51, 25),
(52, 26),
(52, 27),
(53, 27),
(53, 28),
(54, 29),
(54, 30),
(55, 29),
(55, 30),
(56, 31),
(56, 32),
(57, 31),
(57, 32),
(58, 12),
(58, 18),
(59, 12),
(59, 18),
(60, 29),
(60, 33),
(61, 29),
(61, 33),
(62, 29),
(62, 33),
(63, 20),
(63, 34),
(64, 20),
(64, 34),
(65, 20),
(65, 34),
(66, 11),
(66, 35),
(67, 11),
(67, 35),
(68, 11),
(68, 35),
(69, 21),
(70, 21),
(71, 21),
(72, 36),
(72, 37),
(73, 36),
(73, 37),
(74, 38),
(74, 39),
(75, 38),
(75, 39),
(76, 38),
(76, 39),
(77, 10),
(77, 18),
(78, 10),
(78, 18),
(79, 40),
(79, 41),
(80, 40),
(80, 41),
(81, 39),
(81, 42),
(82, 39),
(82, 42),
(83, 8),
(83, 20),
(84, 10),
(84, 43),
(85, 10),
(85, 43),
(86, 44),
(86, 45),
(87, 44),
(87, 45),
(88, 46),
(88, 47),
(89, 46),
(89, 47),
(90, 48),
(90, 49),
(91, 48),
(91, 49),
(92, 50),
(93, 50),
(94, 51),
(95, 38),
(95, 39),
(96, 52),
(96, 53),
(97, 52),
(97, 53),
(98, 48),
(98, 54),
(99, 48),
(99, 54),
(100, 13),
(100, 55),
(101, 13),
(101, 55),
(102, 21),
(103, 21),
(104, 38),
(104, 56),
(105, 38),
(105, 56),
(106, 28),
(106, 57),
(107, 8),
(107, 58),
(108, 40),
(108, 41),
(109, 50),
(109, 59),
(110, 50),
(110, 59),
(111, 38),
(111, 56),
(112, 38),
(112, 56),
(113, 60),
(113, 61),
(114, 21),
(114, 62),
(115, 43),
(115, 63),
(116, 64),
(116, 65),
(117, 15),
(117, 64),
(118, 66),
(118, 67),
(119, 65),
(119, 66),
(120, 61),
(120, 67),
(121, 61),
(121, 67),
(122, 55),
(122, 68),
(123, 7),
(123, 27),
(124, 40),
(124, 52),
(125, 13),
(126, 69),
(127, 54),
(127, 70),
(128, 12),
(128, 31),
(129, 65),
(130, 12),
(131, 33),
(131, 48),
(132, 28),
(133, 10),
(133, 71),
(134, 33),
(135, 72),
(136, 18),
(137, 73),
(137, 74),
(138, 48),
(138, 65),
(139, 48),
(139, 65),
(140, 65),
(140, 75),
(141, 65),
(141, 75),
(142, 38),
(142, 76),
(143, 44),
(143, 77),
(144, 76),
(145, 76),
(146, 76),
(147, 5),
(148, 5),
(149, 20),
(150, 76),
(151, 34);

-- --------------------------------------------------------

--
-- Estructura de tabla para la tabla `tipos`
--

CREATE TABLE `tipos` (
  `Id_tipos` int(255) NOT NULL,
  `Nom_tipo` varchar(255) NOT NULL
) ENGINE=InnoDB DEFAULT CHARSET=utf8mb4 COLLATE=utf8mb4_general_ci;

--
-- Volcado de datos para la tabla `tipos`
--

INSERT INTO `tipos` (`Id_tipos`, `Nom_tipo`) VALUES
(1, 'Agua'),
(2, 'Planta'),
(3, 'Fuego'),
(4, 'Electrico'),
(5, 'Psíquico'),
(6, 'Hielo'),
(7, 'Dragón'),
(8, 'Normal'),
(9, 'Volador'),
(10, 'Veneno'),
(11, 'Tierra'),
(12, 'Roca'),
(13, 'Bicho'),
(14, 'Fantasma'),
(15, 'Lucha'),
(16, 'Hada'),
(17, 'Siniestro'),
(18, 'Acero');

--
-- Índices para tablas volcadas
--

--
-- Indices de la tabla `bases_pokemon`
--
ALTER TABLE `bases_pokemon`
  ADD PRIMARY KEY (`Num_Pokemon`);

--
-- Indices de la tabla `habilidades`
--
ALTER TABLE `habilidades`
  ADD PRIMARY KEY (`Id_habilidad`);

--
-- Indices de la tabla `pokemon_tipos`
--
ALTER TABLE `pokemon_tipos`
  ADD PRIMARY KEY (`Num_Pokemon`,`Id_tipos`),
  ADD KEY `Id_tipos` (`Id_tipos`);

--
-- Indices de la tabla `poke_habilidades`
--
ALTER TABLE `poke_habilidades`
  ADD PRIMARY KEY (`Num_Pokemon`,`Id_habilidad`),
  ADD KEY `Id_habilidad` (`Id_habilidad`);

--
-- Indices de la tabla `tipos`
--
ALTER TABLE `tipos`
  ADD PRIMARY KEY (`Id_tipos`);

--
-- Restricciones para tablas volcadas
--

--
-- Filtros para la tabla `pokemon_tipos`
--
ALTER TABLE `pokemon_tipos`
  ADD CONSTRAINT `pokemon_tipos_ibfk_1` FOREIGN KEY (`Num_Pokemon`) REFERENCES `bases_pokemon` (`Num_Pokemon`),
  ADD CONSTRAINT `pokemon_tipos_ibfk_2` FOREIGN KEY (`Id_tipos`) REFERENCES `tipos` (`Id_tipos`);

--
-- Filtros para la tabla `poke_habilidades`
--
ALTER TABLE `poke_habilidades`
  ADD CONSTRAINT `poke_habilidades_ibfk_1` FOREIGN KEY (`Num_Pokemon`) REFERENCES `bases_pokemon` (`Num_Pokemon`),
  ADD CONSTRAINT `poke_habilidades_ibfk_2` FOREIGN KEY (`Id_habilidad`) REFERENCES `habilidades` (`Id_habilidad`);
COMMIT;

/*!40101 SET CHARACTER_SET_CLIENT=@OLD_CHARACTER_SET_CLIENT */;
/*!40101 SET CHARACTER_SET_RESULTS=@OLD_CHARACTER_SET_RESULTS */;
/*!40101 SET COLLATION_CONNECTION=@OLD_COLLATION_CONNECTION */;
